Workbook

Sheet Matches-results-bets-points
B1: Time | C1: Match | D1: Result | E1: Aimar | F1: pts | G1: Avo | H1: pts | I1: Hania | J1: pts | K1: Herbert | L1: pts | M1: Janusz | N1: pts | O1: Jaś | P1: pts | Q1: Joanna & Adam | R1: pts | S1: Magda & Krzysiek | T1: pts | U1: Mihkel | V1: pts | W1: Ola & Kaur | X1: pts | Y1: Olle & Kätlin | Z1: pts | AA1: Paweł | AB1: pts | AC1: Piotrek | AD1: pts | AE1: Przemek | AF1: pts | AG1: Sebastian | AH1: pts | AI1: Timo | AJ1: pts
A2: Thu 11.06 | B2: 21.00 | C2: Mexico - South Africa | D2: 2 : 0 | E2: 2 : 0 | F2: 2 | G2: 1 : 0 | H2: 1 | I2: 3 : 1 | J2: 1 | K2: 2 : 0 | L2: 2 | M2: 2 : 0 | N2: 2 | O2: 1 : 0 | P2: 1 | Q2: 2 : 0 | R2: 2 | S2: 2 : 1 | T2: 1 | U2: 2 : 0 | V2: 2 | W2: 1 : 1 | Y2: 1 : 0 | Z2: 1 | AA2: 3 : 0 | AB2: 1 | AC2: 3 : 1 | AD2: 1 | AE2: 3 : 1 | AF2: 1 | AG2: 3 : 1 | AH2: 1 | AI2: 2 : 1 | AJ2: 1
A3: Fri 12.06 | B3: 04.00 | C3: Korea Republic - Czechia | D3: 2 : 1 | E3: 1 : 1 | G3: 1 : 2 | I3: 1 : 3 | K3: 0 : 1 | M3: 1 : 1 | O3: 1 : 2 | Q3: 0 : 1 | S3: 1 : 1 | U3: 1 : 0 | V3: 1 | W3: 1 : 2 | Y3: 0 : 2 | AA3: 1 : 1 | AC3: 0 : 0 | AE3: 1 : 2 | AG3: 2 : 1 | AH3: 2 | AI3: 0 : 3
B4: 21.00 | C4: Canada - Bosnia | D4: 1 : 1 | E4: 2 : 0 | G4: 0 : 1 | I4: 2 : 0 | K4: 1 : 0 | M4: 1 : 1 | N4: 2 | O4: 2 : 1 | Q4: 1 : 0 | S4: 1 : 0 | U4: 1 : 0 | W4: 1 : 1 | X4: 2 | Y4: 2 : 1 | AA4: 2 : 1 | AC4: 1 : 1 | AD4: 2 | AE4: 2 : 0 | AG4: 2 : 0 | AI4: 0 : 2
A5: Sat 13.06 | B5: 03.00 | C5: USA - Paraguay | D5: 4 : 1 | E5: 1 : 0 | F5: 1 | G5: 2 : 0 | H5: 1 | I5: 3 : 0 | J5: 1 | K5: 2 : 1 | L5: 1 | M5: 1 : 0 | N5: 1 | O5: 1 : 0 | P5: 1 | Q5: 1 : 0 | R5: 1 | S5: 2 : 0 | T5: 1 | U5: 2 : 1 | V5: 1 | W5: 3 : 1 | X5: 1 | Y5: 2 : 0 | Z5: 1 | AA5: 2 : 1 | AB5: 1 | AC5: 1 : 0 | AD5: 1 | AE5: 2 : 1 | AF5: 1 | AG5: 2 : 1 | AH5: 1 | AI5: 1 : 2
B6: 21.00 | C6: Qatar - Switzerland | D6: 1 : 1 | E6: 0 : 2 | G6: 0 : 2 | I6: 2 : 2 | J6: 1 | K6: 0 : 2 | M6: 0 : 2 | O6: 0 : 2 | Q6: 0 : 2 | S6: 1 : 2 | U6: 0 : 3 | W6: 1 : 3 | Y6: 0 : 2 | AA6: 0 : 3 | AC6: 0 : 2 | AE6: 0 : 2 | AG6: 0 : 3 | AI6: 0 : 3
A7: Sun 14.06 | B7: 00.00 | C7: Brazil - Morocco | D7: 1 : 1 | E7: 2 : 1 | G7: 2 : 1 | I7: 3 : 1 | K7: 3 : 0 | M7: 2 : 1 | O7: 2 : 1 | Q7: 2 : 0 | S7: 3 : 2 | U7: 2 : 1 | W7: 2 : 1 | Y7: 3 : 0 | AA7: 2 : 1 | AC7: 2 : 1 | AE7: 4 : 0 | AG7: 2 : 2 | AH7: 1 | AI7: 2 : 0
B8: 03.00 | C8: Hailti - Scotland | D8: 0 : 1 | E8: 0 : 2 | F8: 1 | G8: 1 : 0 | I8: 0 : 3 | J8: 1 | K8: 0 : 2 | L8: 1 | M8: 0 : 2 | N8: 1 | O8: 1 : 1 | Q8: 1 : 2 | R8: 1 | S8: 0 : 1 | T8: 2 | U8: 0 : 2 | V8: 1 | W8: 0 : 2 | X8: 1 | Y8: 0 : 2 | Z8: 1 | AA8: 0 : 0 | AC8: 1 : 3 | AD8: 1 | AE8: 0 : 2 | AF8: 1 | AG8: 0 : 2 | AH8: 1 | AI8: 0 : 1 | AJ8: 2
B9: 06.00 | C9: Australia - Turkiye | D9: 2 : 0 | E9: 1 : 2 | G9: 0 : 2 | I9: 1 : 1 | K9: 1 : 1 | M9: 0 : 2 | O9: 0 : 1 | Q9: 0 : 1 | S9: 1 : 3 | U9: 0 : 1 | W9: 0 : 2 | Y9: 1 : 2 | AA9: 1 : 1 | AC9: 1 : 1 | AE9: 1 : 3 | AG9: 0 : 3 | AI9: 1 : 2
B10: 19.00 | C10: Germany - Curacao | D10: 7 : 1 | E10: 3 : 0 | F10: 1 | G10: 3 : 0 | H10: 1 | I10: 6 : 0 | J10: 1 | K10: 4 : 0 | L10: 1 | M10: 3 : 0 | N10: 1 | O10: 2 : 0 | P10: 1 | Q10: 5 : 0 | R10: 1 | S10: 3 : 0 | T10: 1 | U10: 4 : 0 | V10: 1 | W10: 3 : 0 | X10: 1 | Y10: 3 : 0 | Z10: 1 | AA10: 1 : 0 | AB10: 1 | AC10: 4 : 0 | AD10: 1 | AE10: 5 : 0 | AF10: 1 | AG10: 6 : 0 | AH10: 1 | AI10: 3 : 0 | AJ10: 1
B11: 22.00 | C11: Netherlands - Japan | D11: 2 : 2 | E11: 2 : 1 | G11: 2 : 1 | I11: 2 : 1 | K11: 2 : 0 | M11: 1 : 1 | N11: 1 | O11: 2 : 1 | Q11: 2 : 1 | S11: 2 : 2 | T11: 2 | U11: 2 : 1 | W11: 2 : 1 | Y11: 2 : 1 | AA11: 2 : 1 | AC11: 2 : 1 | AE11: 1 : 0 | AG11: 1 : 2 | AI11: 1 : 1 | AJ11: 1
A12: Mon 15.06 | B12: 01.00 | C12: Ivory Coast - Ecuador | D12: 1 : 0 | E12: 0 : 1 | G12: 1 : 1 | I12: 1 : 3 | K12: 1 : 1 | M12: 2 : 1 | N12: 1 | O12: 1 : 1 | Q12: 1 : 1 | S12: 1 : 1 | U12: 1 : 1 | W12: 0 : 2 | Y12: 1 : 1 | AA12: 0 : 0 | AC12: 1 : 1 | AE12: 0 : 2 | AG12: 2 : 2 | AI12: 1 : 2
B13: 04.00 | C13: Sweden - Tunisia | D13: 5 : 1 | E13: 2 : 0 | F13: 1 | G13: 0 : 0 | I13: 3 : 0 | J13: 1 | K13: 1 : 0 | L13: 1 | M13: 2 : 0 | N13: 1 | O13: 1 : 1 | Q13: 1 : 0 | R13: 1 | S13: 2 : 0 | T13: 1 | U13: 1 : 0 | V13: 1 | W13: 2 : 0 | X13: 1 | Y13: 1 : 0 | Z13: 1 | AA13: 3 : 0 | AB13: 1 | AC13: 1 : 0 | AD13: 1 | AE13: 2 : 0 | AF13: 1 | AG13: 2 : 0 | AH13: 1 | AI13: 2 : 0 | AJ13: 1
B14: 18.00 | C14: Spain - Cape Verde | D14: 0 : 0 | E14: 3 : 0 | G14: 3 : 0 | I14: 6 : 0 | K14: 3 : 0 | M14: 3 : 0 | O14: 3 : 0 | Q14: 3 : 0 | S14: 3 : 0 | U14: 3 : 0 | W14: 4 : 0 | Y14: 5 : 0 | AA14: 4 : 0 | AC14: 4 : 0 | AE14: 4 : 0 | AG14: 7 : 0 | AI14: 3 : 0
B15: 21.00 | C15: Belgium - Egypt | D15: 1 : 1 | E15: 2 : 1 | G15: 2 : 1 | I15: 4 : 2 | K15: 1 : 0 | M15: 2 : 0 | O15: 2 : 1 | Q15: 2 : 0 | S15: 2 : 0 | U15: 2 : 0 | W15: 1 : 0 | Y15: 3 : 1 | AA15: 2 : 1 | AC15: 2 : 0 | AE15: 2 : 1 | AG15: 4 : 1 | AI15: 2 : 1
A16: Tue 16.06 | B16: 00.00 | C16: Saudi Arabia - Uruguay | D16: 1 : 1 | E16: 0 : 2 | G16: 1 : 1 | H16: 2 | I16: 2 : 2 | J16: 1 | K16: 0 : 2 | M16: 0 : 2 | O16: 1 : 2 | Q16: 0 : 2 | S16: 0 : 2 | U16: 0 : 2 | W16: 0 : 2 | Y16: 0 : 2 | AA16: 1 : 2 | AC16: 0 : 2 | AE16: 1 : 2 | AG16: 0 : 4 | AI16: 0 : 2
B17: 03.00 | C17: Iran - New Zealand | D17: 2 : 2 | E17: 2 : 0 | G17: 0 : 1 | I17: 1 : 1 | J17: 1 | K17: 0 : 1 | M17: 1 : 1 | N17: 1 | O17: 1 : 1 | P17: 1 | Q17: 2 : 0 | S17: 2 : 1 | U17: 2 : 1 | W17: 2 : 0 | Y17: 1 : 1 | Z17: 1 | AA17: 3 : 0 | AC17: 1 : 3 | AE17: 1 : 0 | AG17: 0 : 0 | AH17: 1 | AI17: 1 : 0
B18: 21.00 | C18: France - Senegal | D18: 3 : 1 | E18: 2 : 0 | F18: 1 | G18: 2 : 1 | H18: 1 | I18: 5 : 0 | J18: 1 | K18: 3 : 1 | L18: 2 | M18: 2 : 1 | N18: 1 | O18: 2 : 1 | P18: 1 | Q18: 2 : 0 | R18: 1 | S18: 3 : 1 | T18: 2 | U18: 2 : 1 | V18: 1 | W18: 2 : 0 | X18: 1 | Y18: 2 : 1 | Z18: 1 | AA18: 2 : 0 | AB18: 1 | AC18: 1 : 1 | AE18: 2 : 0 | AF18: 1 | AG18: 4 : 1 | AH18: 1 | AI18: 2 : 1 | AJ18: 1
A19: Wed 17.06 | B19: 00.00 | C19: Iraq - Norway | D19: 1 : 4 | E19: 0 : 2 | F19: 1 | G19: 0 : 3 | H19: 1 | I19: 1 : 1 | K19: 0 : 2 | L19: 1 | M19: 0 : 2 | N19: 1 | O19: 0 : 2 | P19: 1 | Q19: 0 : 1 | R19: 1 | S19: 0 : 2 | T19: 1 | U19: 1 : 2 | V19: 1 | W19: 0 : 2 | X19: 1 | Y19: 0 : 2 | Z19: 1 | AA19: 1 : 1 | AC19: 1 : 3 | AD19: 1 | AE19: 0 : 2 | AF19: 1 | AG19: 0 : 3 | AH19: 1 | AI19: 0 : 3 | AJ19: 1
B20: 03.00 | C20: Argentina - Algeria | D20: 3 : 0 | E20: 2 : 0 | F20: 1 | G20: 2 : 1 | H20: 1 | I20: 4 : 0 | J20: 1 | K20: 3 : 0 | L20: 2 | M20: 2 : 0 | N20: 1 | O20: 3 : 0 | P20: 2 | Q20: 2 : 1 | R20: 1 | S20: 2 : 1 | T20: 1 | U20: 3 : 0 | V20: 2 | W20: 2 : 0 | X20: 1 | Y20: 2 : 0 | Z20: 1 | AA20: 3 : 0 | AB20: 2 | AC20: 1 : 0 | AD20: 1 | AE20: 3 : 0 | AF20: 2 | AG20: 2 : 1 | AH20: 1 | AI20: 2 : 2
B21: 06.00 | C21: Austria - Jordan | D21: 3 : 1 | E21: 2 : 0 | F21: 1 | G21: 2 : 0 | H21: 1 | I21: 3 : 0 | J21: 1 | K21: 1 : 0 | L21: 1 | M21: 2 : 0 | N21: 1 | O21: 1 : 0 | P21: 1 | Q21: 1 : 0 | R21: 1 | S21: 3 : 0 | T21: 1 | U21: 2 : 0 | V21: 1 | W21: 1 : 0 | X21: 1 | Y21: 1 : 0 | Z21: 1 | AA21: 0 : 0 | AC21: 2 : 0 | AD21: 1 | AE21: 2 : 1 | AF21: 1 | AG21: 4 : 0 | AH21: 1 | AI21: 2 : 0 | AJ21: 1
B22: 19.00 | C22: Portugal - Congo DR | D22: 1 : 1 | E22: 2 : 0 | G22: 2 : 1 | I22: 5 : 1 | K22: 2 : 0 | M22: 2 : 0 | O22: 2 : 0 | Q22: 2 : 0 | S22: 3 : 1 | U22: 2 : 0 | W22: 2 : 0 | Y22: 3 : 0 | AA22: 3 : 0 | AC22: 3 : 1 | AE22: 2 : 0 | AG22: 3 : 0 | AI22: 3 : 0
B23: 22.00 | C23: England - Croatia | D23: 4 : 2 | E23: 1 : 1 | G23: 1 : 0 | H23: 1 | I23: 2 : 2 | K23: 1 : 0 | L23: 1 | M23: 1 : 1 | O23: 2 : 2 | Q23: 1 : 0 | R23: 1 | S23: 2 : 1 | T23: 1 | U23: 2 : 1 | V23: 1 | W23: 1 : 0 | X23: 1 | Y23: 2 : 1 | Z23: 1 | AA23: 2 : 2 | AC23: 1 : 1 | AE23: 3 : 0 | AF23: 1 | AG23: 2 : 0 | AH23: 1 | AI23: 2 : 1 | AJ23: 1
A24: Thu 18.06 | B24: 01.00 | C24: Ghana - Panama | D24: 1 : 0 | E24: 1 : 1 | G24: 1 : 0 | H24: 2 | I24: 2 : 2 | K24: 1 : 1 | M24: 1 : 0 | N24: 2 | O24: 1 : 0 | P24: 2 | Q24: 1 : 1 | S24: 1 : 1 | U24: 2 : 1 | V24: 1 | W24: 0 : 1 | Y24: 1 : 1 | AA24: 1 : 1 | AC24: 1 : 1 | AE24: 1 : 2 | AG24: 3 : 1 | AH24: 1 | AI24: 2 : 1 | AJ24: 1
B25: 04.00 | C25: Uzbekistan - Colombia | D25: 1 : 3 | E25: 0 : 2 | F25: 1 | G25: 0 : 2 | H25: 1 | I25: 1 : 2 | J25: 1 | K25: 0 : 2 | L25: 1 | M25: 0 : 2 | N25: 1 | O25: 1 : 2 | P25: 1 | Q25: 0 : 2 | R25: 1 | S25: 1 : 3 | T25: 2 | U25: 1 : 2 | V25: 1 | W25: 0 : 2 | X25: 1 | Y25: 0 : 2 | Z25: 1 | AA25: 0 : 0 | AC25: 0 : 1 | AD25: 1 | AE25: 0 : 2 | AF25: 1 | AG25: 0 : 4 | AH25: 1 | AI25: 0 : 2 | AJ25: 1
B26: 18.00 | C26: Czechia - South Africa | D26: 1 : 1 | E26: 1 : 1 | F26: 2 | G26: 1 : 0 | I26: 2 : 1 | K26: 1 : 0 | M26: 2 : 1 | O26: 2 : 1 | Q26: 1 : 0 | S26: 2 : 1 | U26: 1 : 0 | W26: 1 : 0 | Y26: 2 : 1 | AA26: 2 : 1 | AC26: 2 : 1 | AE26: 2 : 0 | AG26: 2 : 0 | AI26: 2 : 1
B27: 21.00 | C27: Switzerland - Bosnia | D27: 4 : 1 | E27: 1 : 0 | F27: 1 | G27: 1 : 1 | I27: 1 : 1 | K27: 1 : 0 | L27: 1 | M27: 1 : 1 | O27: 1 : 1 | Q27: 1 : 1 | S27: 1 : 0 | T27: 1 | U27: 1 : 1 | W27: 1 : 0 | X27: 1 | Y27: 2 : 1 | Z27: 1 | AA27: 2 : 1 | AB27: 1 | AC27: 1 : 1 | AE27: 1 : 1 | AG27: 0 : 1 | AI27: 1 : 1
A28: Fri 19.06 | B28: 00.00 | C28: Canada - Qatar | D28: 6 : 0 | E28: 2 : 0 | F28: 1 | G28: 2 : 0 | H28: 1 | I28: 2 : 1 | J28: 1 | K28: 2 : 0 | L28: 1 | M28: 2 : 0 | N28: 1 | O28: 2 : 1 | P28: 1 | Q28: 2 : 1 | R28: 1 | S28: 1 : 1 | U28: 2 : 1 | V28: 1 | W28: 1 : 0 | X28: 1 | Y28: 2 : 0 | Z28: 1 | AA28: 2 : 1 | AB28: 1 | AC28: 3 : 1 | AD28: 1 | AE28: 1 : 0 | AF28: 1 | AG28: 1 : 1 | AI28: 2 : 0 | AJ28: 1
B29: 03.00 | C29: Mexico - Korea Republic | D29: 1 : 0 | E29: 1 : 1 | G29: 1 : 2 | I29: 2 : 2 | K29: 1 : 1 | M29: 1 : 1 | O29: 1 : 1 | Q29: 2 : 1 | R29: 1 | S29: 2 : 2 | U29: 2 : 1 | V29: 1 | W29: 1 : 0 | X29: 2 | Y29: 1 : 1 | AA29: 2 : 1 | AB29: 1 | AC29: 2 : 1 | AD29: 1 | AE29: 1 : 1 | AG29: 0 : 2 | AI29: 2 : 2
B30: 21.00 | C30: USA - Australia | D30: 2 : 0 | E30: 2 : 0 | F30: 2 | G30: 2 : 0 | H30: 2 | I30: 2 : 1 | J30: 1 | K30: 2 : 1 | L30: 1 | M30: 3 : 1 | N30: 1 | O30: 2 : 1 | P30: 1 | Q30: 2 : 0 | R30: 2 | S30: 2 : 1 | T30: 1 | U30: 2 : 1 | V30: 1 | W30: 2 : 1 | X30: 1 | Y30: 2 : 1 | Z30: 1 | AA30: 2 : 2 | AC30: 1 : 1 | AE30: 2 : 2 | AG30: 3 : 1 | AH30: 1 | AI30: 2 : 1 | AJ30: 1
A31: Sat 20.06 | B31: 00.00 | C31: Scotland - Morocco | D31: 0 : 1 | E31: 0 : 1 | F31: 2 | G31: 1 : 3 | H31: 1 | I31: 1 : 2 | J31: 1 | K31: 1 : 0 | M31: 1 : 2 | N31: 1 | O31: 1 : 2 | P31: 1 | Q31: 1 : 1 | S31: 0 : 2 | T31: 1 | U31: 1 : 2 | V31: 1 | W31: 0 : 1 | X31: 2 | Y31: 1 : 3 | Z31: 1 | AA31: 1 : 2 | AB31: 1 | AC31: 0 : 0 | AE31: 1 : 2 | AF31: 1 | AG31: 0 : 3 | AH31: 1 | AI31: 1 : 2 | AJ31: 1
B32: 02.30 | C32: Brazil - Haiti | D32: 3 : 0 | E32: 3 : 0 | F32: 2 | G32: 4 : 0 | H32: 1 | I32: 3 : 0 | J32: 2 | K32: 2 : 0 | L32: 1 | M32: 2 : 0 | N32: 1 | O32: 3 : 0 | P32: 2 | Q32: 4 : 0 | R32: 1 | S32: 1 : 0 | T32: 1 | U32: 3 : 0 | V32: 2 | W32: 2 : 0 | X32: 1 | Y32: 4 : 0 | Z32: 1 | AA32: 2 : 1 | AB32: 1 | AC32: 2 : 0 | AD32: 1 | AE32: 3 : 0 | AF32: 2 | AG32: 3 : 0 | AH32: 2 | AI32: 3 : 0 | AJ32: 2
B33: 05.00 | C33: Turkiye - Paraguay | D33: 0 : 1 | E33: 1 : 1 | G33: 2 : 0 | I33: 3 : 1 | K33: 2 : 0 | M33: 2 : 1 | O33: 2 : 1 | Q33: 2 : 1 | S33: 2 : 1 | U33: 2 : 1 | W33: 1 : 1 | Y33: 1 : 1 | AA33: 1 : 1 | AC33: 2 : 1 | AE33: 1 : 1 | AG33: 1 : 1 | AI33: 2 : 1
B34: 19.00 | C34: Netherlands - Sweden | D34: 5 : 1 | E34: 2 : 1 | F34: 1 | G34: 2 : 2 | I34: 2 : 2 | K34: 1 : 0 | L34: 1 | M34: 2 : 2 | O34: 1 : 2 | Q34: 2 : 1 | R34: 1 | S34: 3 : 2 | T34: 1 | U34: 2 : 2 | W34: 2 : 2 | Y34: 3 : 1 | Z34: 1 | AA34: 2 : 2 | AC34: 2 : 2 | AE34: 2 : 1 | AF34: 1 | AG34: 2 : 2 | AI34: 2 : 1 | AJ34: 1
B35: 22.00 | C35: Germany - Ivory Coast | D35: 2 : 1 | E35: 2 : 0 | F35: 1 | G35: 3 : 1 | H35: 1 | I35: 4 : 1 | J35: 1 | K35: 2 : 1 | L35: 2 | M35: 2 : 1 | N35: 2 | O35: 4 : 1 | P35: 1 | Q35: 2 : 1 | R35: 2 | S35: 3 : 1 | T35: 1 | U35: 2 : 1 | V35: 2 | W35: 3 : 1 | X35: 1 | Y35: 2 : 0 | Z35: 1 | AA35: 3 : 0 | AB35: 1 | AC35: 3 : 1 | AD35: 1 | AE35: 3 : 0 | AF35: 1 | AG35: 3 : 0 | AH35: 1 | AI35: 3 : 1 | AJ35: 1
A36: Sun 21.06 | B36: 02.00 | C36: Ecuador - Curacao | D36: 0 : 0 | E36: 2 : 0 | G36: 1 : 0 | I36: 2 : 2 | J36: 1 | K36: 2 : 0 | M36: 2 : 0 | O36: 2 : 1 | Q36: 2 : 0 | S36: 2 : 1 | U36: 2 : 0 | W36: 2 : 0 | Y36: 2 : 0 | AA36: 2 : 0 | AC36: 2 : 1 | AE36: 2 : 0 | AG36: 0 : 0 | AH36: 2 | AI36: 2 : 0
B37: 06.00 | C37: Tunisia - Japan | D37: 0 : 4 | E37: 0 : 1 | F37: 1 | G37: 0 : 2 | H37: 1 | I37: 1 : 3 | J37: 1 | K37: 0 : 1 | L37: 1 | M37: 0 : 2 | N37: 1 | O37: 1 : 2 | P37: 1 | Q37: 0 : 1 | R37: 1 | S37: 0 : 2 | T37: 1 | U37: 1 : 2 | V37: 1 | W37: 1 : 2 | X37: 1 | Y37: 0 : 1 | Z37: 1 | AA37: 0 : 2 | AB37: 1 | AC37: 0 : 2 | AD37: 1 | AE37: 0 : 2 | AF37: 1 | AG37: 0 : 3 | AH37: 1 | AI37: 1 : 3 | AJ37: 1
B38: 18.00 | C38: Spain - Saudi Arabia | D38: 4 : 0 | E38: 3 : 0 | F38: 1 | G38: 2 : 1 | H38: 1 | I38: 3 : 1 | J38: 1 | K38: 3 : 1 | L38: 1 | M38: 2 : 0 | N38: 1 | O38: 1 : 0 | P38: 1 | Q38: 3 : 0 | R38: 1 | S38: 2 : 1 | T38: 1 | U38: 2 : 0 | V38: 1 | W38: 3 : 1 | X38: 1 | Y38: 5 : 0 | Z38: 1 | AA38: 2 : 0 | AB38: 1 | AC38: 3 : 0 | AD38: 1 | AE38: 3 : 0 | AF38: 1 | AG38: 3 : 1 | AH38: 1 | AI38: 2 : 0 | AJ38: 1
B39: 21.00 | C39: Belgium - Iran | D39: 0 : 0 | E39: 2 : 0 | G39: 3 : 0 | I39: 1 : 0 | K39: 1 : 0 | M39: 2 : 0 | O39: 2 : 1 | Q39: 2 : 0 | S39: 1 : 1 | T39: 1 | U39: 1 : 1 | V39: 1 | W39: 2 : 1 | Y39: 2 : 1 | AA39: 2 : 1 | AC39: 2 : 1 | AE39: 2 : 1 | AG39: 4 : 0 | AI39: 2 : 0
A40: Mon 22.06 | B40: 00.00 | C40: Uruguay - Cape Verde | D40: 2 : 2 | E40: 1 : 0 | G40: 2 : 1 | I40: 1 : 1 | J40: 1 | K40: 1 : 1 | L40: 1 | M40: 1 : 1 | N40: 1 | O40: 2 : 1 | Q40: 2 : 0 | S40: 2 : 0 | U40: 2 : 0 | W40: 1 : 2 | Y40: 2 : 0 | AA40: 2 : 0 | AC40: 2 : 0 | AE40: 2 : 0 | AG40: 2 : 0 | AI40: 2 : 1
B41: 03.00 | C41: New Zealand - Egypt | D41: 1 : 3 | E41: 0 : 1 | F41: 1 | G41: 1 : 2 | H41: 1 | I41: 1 : 1 | K41: 1 : 1 | M41: 1 : 2 | N41: 1 | O41: 1 : 2 | P41: 1 | Q41: 1 : 2 | R41: 1 | S41: 1 : 1 | U41: 1 : 2 | V41: 1 | W41: 0 : 2 | X41: 1 | Y41: 0 : 3 | Z41: 1 | AA41: 2 : 1 | AC41: 1 : 1 | AE41: 2 : 1 | AG41: 1 : 3 | AH41: 2 | AI41: 1 : 2 | AJ41: 1
B42: 19.00 | C42: Argentina - Austria | D42: 2 : 0 | E42: 2 : 1 | F42: 1 | G42: 3 : 1 | H42: 1 | I42: 2 : 1 | J42: 1 | K42: 1 : 0 | L42: 1 | M42: 2 : 0 | N42: 2 | O42: 3 : 1 | P42: 1 | Q42: 1 : 0 | R42: 1 | S42: 3 : 1 | T42: 1 | U42: 2 : 1 | V42: 1 | W42: 3 : 0 | X42: 1 | Y42: 3 : 0 | Z42: 1 | AA42: 3 : 0 | AB42: 1 | AC42: 3 : 1 | AD42: 1 | AE42: 2 : 0 | AF42: 2 | AG42: 3 : 0 | AH42: 1 | AI42: 2 : 1 | AJ42: 1
B43: 23.00 | C43: France - Iraq | D43: 3 : 0 | E43: 3 : 0 | F43: 2 | G43: 3 : 0 | H43: 2 | I43: 4 : 1 | J43: 1 | K43: 1 : 0 | L43: 1 | M43: 4 : 0 | N43: 1 | O43: 3 : 1 | P43: 1 | Q43: 3 : 0 | R43: 2 | S43: 4 : 0 | T43: 1 | U43: 3 : 0 | V43: 2 | W43: 4 : 0 | X43: 1 | Y43: 3 : 1 | Z43: 1 | AA43: 3 : 0 | AB43: 2 | AC43: 4 : 0 | AD43: 1 | AE43: 2 : 0 | AF43: 1 | AG43: 3 : 0 | AH43: 2 | AI43: 4 : 0 | AJ43: 1
A44: Tue 23.06 | B44: 02.00 | C44: Norway - Senegal | D44: 3 : 2 | E44: 2 : 1 | F44: 1 | G44: 3 : 2 | H44: 2 | I44: 2 : 2 | K44: 2 : 1 | L44: 1 | M44: 2 : 1 | N44: 1 | O44: 2 : 1 | P44: 1 | Q44: 1 : 1 | S44: 2 : 1 | T44: 1 | U44: 1 : 1 | W44: 2 : 1 | X44: 1 | Y44: 1 : 1 | AA44: 1 : 1 | AC44: 2 : 1 | AD44: 1 | AE44: 2 : 1 | AF44: 1 | AG44: 2 : 2 | AI44: 2 : 2
B45: 05.00 | C45: Jordan - Algeria | D45: 1 : 2 | E45: 1 : 2 | F45: 2 | G45: 0 : 1 | H45: 1 | I45: 3 : 3 | K45: 0 : 1 | L45: 1 | M45: 1 : 2 | N45: 2 | O45: 0 : 0 | Q45: 1 : 1 | S45: 0 : 2 | T45: 1 | U45: 0 : 2 | V45: 1 | W45: 1 : 1 | Y45: 0 : 1 | Z45: 1 | AA45: 0 : 2 | AB45: 1 | AC45: 1 : 3 | AD45: 1 | AE45: 0 : 1 | AF45: 1 | AG45: 0 : 3 | AH45: 1 | AI45: 1 : 3 | AJ45: 1
B46: 19.00 | C46: Portugal - Uzbekistan | D46: 5 : 0 | E46: 2 : 0 | F46: 1 | G46: 2 : 1 | H46: 1 | I46: 3 : 0 | J46: 1 | K46: 1 : 0 | L46: 1 | M46: 3 : 0 | N46: 1 | O46: 2 : 0 | P46: 1 | Q46: 3 : 0 | R46: 1 | S46: 2 : 1 | T46: 1 | U46: 3 : 0 | V46: 1 | W46: 3 : 0 | X46: 1 | Y46: 3 : 0 | Z46: 1 | AA46: 2 : 0 | AB46: 1 | AC46: 2 : 0 | AD46: 1 | AE46: 2 : 0 | AF46: 1 | AG46: 4 : 0 | AH46: 1 | AI46: 3 : 0 | AJ46: 1
B47: 22.00 | C47: England - Ghana | D47: 0 : 0 | E47: 2 : 0 | G47: 2 : 0 | I47: 3 : 0 | K47: 2 : 0 | M47: 2 : 0 | O47: 2 : 1 | Q47: 2 : 1 | S47: 3 : 0 | U47: 2 : 1 | W47: 3 : 0 | Y47: 3 : 1 | AA47: 3 : 1 | AC47: 2 : 0 | AE47: 3 : 0 | AG47: 3 : 2 | AI47: 2 : 0
A48: Wed 24.06 | B48: 01.00 | C48: Panama - Croatia | D48: 0 : 1 | E48: 0 : 2 | F48: 1 | G48: 0 : 2 | H48: 1 | I48: 0 : 3 | J48: 1 | K48: 1 : 2 | L48: 1 | M48: 0 : 2 | N48: 1 | O48: 0 : 2 | P48: 1 | Q48: 0 : 2 | R48: 1 | S48: 2 : 2 | U48: 0 : 2 | V48: 1 | W48: 0 : 2 | X48: 1 | Y48: 1 : 2 | Z48: 1 | AA48: 1 : 2 | AB48: 1 | AC48: 0 : 2 | AD48: 1 | AE48: 0 : 2 | AF48: 1 | AG48: 0 : 3 | AH48: 1 | AI48: 0 : 2 | AJ48: 1
B49: 04.00 | C49: Colombia - Congo DR | D49: 1 : 0 | E49: 1 : 0 | F49: 2 | G49: 2 : 1 | H49: 1 | I49: 2 : 2 | K49: 3 : 0 | L49: 1 | M49: 2 : 1 | N49: 1 | O49: 2 : 1 | P49: 1 | Q49: 2 : 0 | R49: 1 | S49: 2 : 0 | T49: 1 | U49: 2 : 0 | V49: 1 | W49: 1 : 1 | Y49: 2 : 1 | Z49: 1 | AA49: 2 : 0 | AB49: 1 | AC49: 2 : 0 | AD49: 1 | AE49: 2 : 1 | AF49: 1 | AG49: 1 : 2 | AI49: 1 : 1
B50: 21.00 | C50: Switzerland - Canada | D50: 2 : 1 | E50: 1 : 1 | G50: 2 : 2 | I50: 2 : 2 | K50: 1 : 0 | L50: 1 | M50: 2 : 2 | O50: 2 : 2 | Q50: 1 : 0 | R50: 1 | S50: 1 : 1 | U50: 1 : 2 | W50: 1 : 0 | X50: 1 | Y50: 1 : 1 | AA50: 2 : 1 | AB50: 2 | AC50: 1 : 1 | AE50: 1 : 1 | AG50: 1 : 1 | AI50: 1 : 1
B51: 21.00 | C51: Bosnia - Qatar | D51: 3 : 1 | E51: 2 : 0 | F51: 1 | G51: 1 : 0 | H51: 1 | I51: 1 : 1 | K51: 1 : 0 | L51: 1 | M51: 2 : 0 | N51: 1 | O51: 2 : 1 | P51: 1 | Q51: 2 : 0 | R51: 1 | S51: 1 : 0 | T51: 1 | U51: 1 : 1 | W51: 1 : 0 | X51: 1 | Y51: 3 : 0 | Z51: 1 | AA51: 0 : 0 | AC51: 3 : 0 | AD51: 1 | AE51: 1 : 0 | AF51: 1 | AG51: 2 : 0 | AH51: 1 | AI51: 2 : 1 | AJ51: 1
A52: Thu 25.06 | B52: 00.00 | C52: Scotland - Brazil | D52: 0 : 3 | E52: 0 : 2 | F52: 1 | G52: 1 : 2 | H52: 1 | I52: 1 : 3 | J52: 1 | K52: 0 : 1 | L52: 1 | M52: 0 : 2 | N52: 1 | O52: 1 : 3 | P52: 1 | Q52: 0 : 3 | R52: 2 | S52: 0 : 1 | T52: 1 | U52: 0 : 2 | V52: 1 | W52: 0 : 2 | X52: 1 | Y52: 0 : 2 | Z52: 1 | AA52: 0 : 3 | AB52: 2 | AC52: 0 : 2 | AD52: 1 | AE52: 0 : 2 | AF52: 1 | AG52: 1 : 3 | AH52: 1 | AI52: 1 : 3 | AJ52: 1
B53: 00.00 | C53: Morocco - Haiti | D53: 4 : 2 | E53: 2 : 0 | F53: 1 | G53: 4 : 0 | H53: 1 | I53: 4 : 0 | J53: 1 | K53: 1 : 0 | L53: 1 | M53: 2 : 0 | N53: 1 | O53: 2 : 1 | P53: 1 | Q53: 4 : 0 | R53: 1 | S53: 2 : 0 | T53: 1 | U53: 2 : 0 | V53: 1 | W53: 2 : 0 | X53: 1 | Y53: 3 : 0 | Z53: 1 | AA53: 2 : 0 | AB53: 1 | AC53: 2 : 0 | AD53: 1 | AE53: 2 : 0 | AF53: 1 | AG53: 3 : 0 | AH53: 1 | AI53: 3 : 0 | AJ53: 1
B54: 03.00 | C54: Czechia - Mexico | D54: 0 : 3 | E54: 0 : 1 | F54: 1 | G54: 1 : 2 | H54: 1 | I54: 1 : 3 | J54: 1 | K54: 1 : 1 | M54: 0 : 2 | N54: 1 | O54: 1 : 3 | P54: 1 | Q54: 0 : 1 | R54: 1 | S54: 1 : 2 | T54: 1 | U54: 1 : 2 | V54: 1 | W54: 0 : 1 | X54: 1 | Y54: 1 : 2 | Z54: 1 | AA54: 2 : 2 | AC54: 1 : 2 | AD54: 1 | AE54: 0 : 2 | AF54: 1 | AG54: 2 : 0 | AI54: 1 : 2 | AJ54: 1
B55: 03.00 | C55: South Africa - Korea Rep. | D55: 1 : 0 | E55: 0 : 1 | G55: 0 : 1 | I55: 1 : 2 | K55: 1 : 1 | M55: 0 : 2 | O55: 1 : 2 | Q55: 0 : 1 | S55: 1 : 2 | U55: 1 : 2 | W55: 0 : 1 | Y55: 0 : 2 | AA55: 0 : 2 | AC55: 1 : 1 | AE55: 1 : 2 | AG55: 1 : 2 | AI55: 0 : 1
B56: 22.00 | C56: Curacao - Ivory Coast | D56: 0 : 2 | E56: 0 : 2 | F56: 2 | G56: 0 : 1 | H56: 1 | I56: 1 : 2 | J56: 1 | K56: 0 : 2 | L56: 2 | M56: 0 : 2 | N56: 2 | O56: 1 : 2 | P56: 1 | Q56: 0 : 3 | R56: 1 | S56: 0 : 1 | T56: 1 | U56: 0 : 3 | V56: 1 | W56: 0 : 2 | X56: 2 | Y56: 0 : 2 | Z56: 2 | AA56: 0 : 2 | AB56: 2 | AC56: 0 : 2 | AD56: 2 | AE56: 0 : 1 | AF56: 1 | AG56: 0 : 2 | AH56: 2 | AI56: 0 : 2 | AJ56: 2
B57: 22.00 | C57: Ecuador - Germany | D57: 2 : 1 | E57: 0 : 2 | G57: 0 : 2 | I57: 0 : 3 | K57: 1 : 3 | M57: 0 : 1 | O57: 1 : 3 | Q57: 0 : 2 | S57: 0 : 4 | U57: 1 : 2 | W57: 0 : 1 | Y57: 1 : 2 | AA57: 1 : 3 | AC57: 1 : 3 | AE57: 1 : 2 | AG57: 1 : 3 | AI57: 0 : 2
A58: Fri 26.06 | B58: 01.00 | C58: Japan - Sweden | D58: 1 : 1 | E58: 1 : 1 | F58: 2 | G58: 2 : 1 | I58: 2 : 1 | K58: 1 : 1 | L58: 2 | M58: 2 : 2 | N58: 1 | O58: 2 : 3 | Q58: 0 : 1 | S58: 2 : 1 | U58: 2 : 1 | W58: 1 : 0 | Y58: 2 : 1 | AA58: 3 : 2 | AC58: 2 : 2 | AD58: 1 | AE58: 1 : 1 | AF58: 2 | AG58: 2 : 2 | AH58: 1 | AI58: 2 : 1
B59: 01.00 | C59: Tunisia - Netherlands | D59: 1 : 3 | E59: 0 : 3 | F59: 1 | G59: 0 : 4 | H59: 1 | I59: 0 : 3 | J59: 1 | K59: 0 : 2 | L59: 1 | M59: 0 : 3 | N59: 1 | O59: 0 : 4 | P59: 1 | Q59: 0 : 2 | R59: 1 | S59: 0 : 2 | T59: 1 | U59: 0 : 2 | V59: 1 | W59: 0 : 2 | X59: 1 | Y59: 0 : 3 | Z59: 1 | AA59: 0 : 3 | AB59: 1 | AC59: 0 : 3 | AD59: 1 | AE59: 0 : 2 | AF59: 1 | AG59: 0 : 4 | AH59: 1 | AI59: 0 : 3 | AJ59: 1
B60: 04.00 | C60: Turkiye - USA | D60: 3 : 2 | E60: 1 : 1 | G60: 1 : 1 | I60: 0 : 3 | K60: 1 : 2 | M60: 1 : 1 | O60: 1 : 2 | Q60: 1 : 2 | S60: 0 : 2 | U60: 1 : 2 | W60: 1 : 1 | Y60: 0 : 2 | AA60: 1 : 2 | AC60: 1 : 2 | AE60: 1 : 2 | AG60: 0 : 2 | AI60: 1 : 1
B61: 04.00 | C61: Paraguay - Australia | D61: 0 : 0 | E61: 0 : 0 | F61: 2 | G61: 1 : 0 | I61: 2 : 2 | J61: 1 | K61: 0 : 1 | M61: 1 : 1 | N61: 1 | O61: 2 : 1 | Q61: 1 : 0 | S61: 0 : 1 | U61: 1 : 2 | W61: 1 : 1 | X61: 1 | Y61: 1 : 1 | Z61: 1 | AA61: 0 : 0 | AB61: 2 | AC61: 1 : 1 | AD61: 1 | AE61: 1 : 1 | AF61: 1 | AG61: 1 : 1 | AH61: 1 | AI61: 1 : 2
B62: 21.00 | C62: Norway - France | D62: 1 : 4 | E62: 1 : 2 | F62: 1 | G62: 2 : 1 | I62: 1 : 2 | J62: 1 | K62: 1 : 2 | L62: 1 | M62: 1 : 1 | O62: 2 : 3 | P62: 1 | Q62: 1 : 2 | R62: 1 | S62: 3 : 2 | U62: 1 : 2 | V62: 1 | W62: 2 : 2 | Y62: 1 : 2 | Z62: 1 | AA62: 1 : 2 | AB62: 1 | AC62: 1 : 2 | AD62: 1 | AE62: 1 : 1 | AG62: 3 : 1 | AI62: 1 : 2 | AJ62: 1
B63: 21.00 | C63: Senegal - Iraq | D63: 5 : 0 | E63: 2 : 0 | F63: 1 | G63: 2 : 0 | H63: 1 | I63: 1 : 1 | K63: 2 : 0 | L63: 1 | M63: 3 : 0 | N63: 1 | O63: 3 : 1 | P63: 1 | Q63: 2 : 0 | R63: 1 | S63: 1 : 0 | T63: 1 | U63: 2 : 0 | V63: 1 | W63: 2 : 1 | X63: 1 | Y63: 1 : 0 | Z63: 1 | AA63: 2 : 0 | AB63: 1 | AC63: 2 : 0 | AD63: 1 | AE63: 2 : 1 | AF63: 1 | AG63: 3 : 0 | AH63: 1 | AI63: 3 : 1 | AJ63: 1
A64: Sat 27.06 | B64: 02.00 | C64: Cape Verde - Saudi Arabia | D64: 0 : 0 | E64: 1 : 1 | F64: 1 | G64: 1 : 1 | H64: 1 | I64: 1 : 0 | K64: 1 : 1 | L64: 1 | M64: 1 : 1 | N64: 1 | O64: 1 : 1 | P64: 1 | Q64: 0 : 1 | S64: 1 : 0 | U64: 1 : 2 | W64: 3 : 1 | Y64: 1 : 1 | Z64: 1 | AA64: 1 : 1 | AB64: 1 | AC64: 1 : 1 | AD64: 1 | AE64: 2 : 1 | AG64: 1 : 1 | AH64: 1 | AI64: 1 : 1 | AJ64: 1
B65: 02.00 | C65: Uruguay - Spain | D65: 0 : 1 | E65: 0 : 1 | F65: 2 | G65: 0 : 2 | H65: 1 | I65: 1 : 2 | J65: 1 | K65: 1 : 2 | L65: 1 | M65: 0 : 2 | N65: 1 | O65: 1 : 3 | P65: 1 | Q65: 1 : 2 | R65: 1 | S65: 1 : 2 | T65: 1 | U65: 1 : 2 | V65: 1 | W65: 1 : 3 | X65: 1 | Y65: 1 : 2 | Z65: 1 | AA65: 0 : 2 | AB65: 1 | AC65: 1 : 2 | AD65: 1 | AE65: 0 : 2 | AF65: 1 | AG65: 0 : 3 | AH65: 1 | AI65: 1 : 3 | AJ65: 1
B66: 05.00 | C66: Egypt - Iran | D66: 1 : 1 | E66: 1 : 1 | F66: 2 | G66: 2 : 1 | I66: 2 : 1 | K66: 1 : 1 | L66: 2 | M66: 2 : 1 | O66: 2 : 1 | Q66: 2 : 0 | S66: 2 : 1 | U66: 1 : 1 | V66: 2 | W66: 2 : 2 | X66: 1 | Y66: 2 : 1 | AA66: 1 : 1 | AB66: 2 | AC66: 1 : 1 | AD66: 2 | AE66: 2 : 1 | AG66: 2 : 0 | AI66: 2 : 1
B67: 05.00 | C67: New Zealand - Belgium | D67: 1 : 5 | E67: 0 : 3 | F67: 1 | G67: 0 : 2 | H67: 1 | I67: 1 : 2 | J67: 1 | K67: 0 : 1 | L67: 1 | M67: 0 : 2 | N67: 1 | O67: 1 : 2 | P67: 1 | Q67: 0 : 2 | R67: 1 | S67: 1 : 2 | T67: 1 | U67: 0 : 2 | V67: 1 | W67: 1 : 2 | X67: 1 | Y67: 0 : 2 | Z67: 1 | AA67: 0 : 2 | AB67: 1 | AC67: 0 : 2 | AD67: 1 | AE67: 1 : 2 | AF67: 1 | AG67: 1 : 2 | AH67: 1 | AI67: 1 : 2 | AJ67: 1
B68: 23.00 | C68: Panama - England | D68: 0 : 2 | E68: 0 : 2 | F68: 2 | G68: 0 : 2 | H68: 2 | I68: 0 : 5 | J68: 1 | K68: 0 : 1 | L68: 1 | M68: 0 : 2 | N68: 2 | O68: 1 : 4 | P68: 1 | Q68: 0 : 2 | R68: 2 | S68: 0 : 2 | T68: 2 | U68: 0 : 2 | V68: 2 | W68: 0 : 3 | X68: 1 | Y68: 0 : 3 | Z68: 1 | AA68: 0 : 4 | AB68: 1 | AC68: 0 : 2 | AD68: 2 | AE68: 0 : 3 | AF68: 1 | AG68: 0 : 5 | AH68: 1 | AI68: 0 : 2 | AJ68: 2
B69: 23.00 | C69: Croatia - Ghana | D69: 2 : 1 | E69: 3 : 1 | F69: 1 | G69: 0 : 1 | I69: 1 : 1 | K69: 1 : 1 | M69: 1 : 1 | O69: 3 : 1 | P69: 1 | Q69: 2 : 1 | R69: 2 | S69: 3 : 1 | T69: 1 | U69: 2 : 1 | V69: 2 | W69: 2 : 1 | X69: 2 | Y69: 1 : 1 | AA69: 2 : 1 | AB69: 2 | AC69: 1 : 0 | AD69: 1 | AE69: 2 : 0 | AF69: 1 | AG69: 3 : 2 | AH69: 1 | AI69: 1 : 0 | AJ69: 1
A70: Sun 28.06 | B70: 01.30 | C70: Colombia - Portugal | D70: 0 : 0 | E70: 2 : 1 | G70: 1 : 2 | I70: 2 : 2 | J70: 1 | K70: 1 : 1 | L70: 1 | M70: 1 : 2 | O70: 1 : 4 | Q70: 1 : 2 | S70: 2 : 1 | U70: 1 : 1 | V70: 1 | W70: 1 : 2 | Y70: 1 : 3 | AA70: 0 : 1 | AC70: 1 : 2 | AE70: 1 : 2 | AG70: 1 : 1 | AH70: 1 | AI70: 2 : 2 | AJ70: 1
B71: 01.30 | C71: Congo DR - Uzbekistan | D71: 3 : 1 | E71: 1 : 0 | F71: 1 | G71: 1 : 0 | H71: 1 | I71: 1 : 1 | K71: 1 : 1 | M71: 2 : 0 | N71: 1 | O71: 2 : 1 | P71: 1 | Q71: 2 : 0 | R71: 1 | S71: 2 : 0 | T71: 1 | U71: 2 : 0 | V71: 1 | W71: 3 : 0 | X71: 1 | Y71: 2 : 0 | Z71: 1 | AA71: 2 : 0 | AB71: 1 | AC71: 2 : 1 | AD71: 1 | AE71: 2 : 0 | AF71: 1 | AG71: 3 : 0 | AH71: 1 | AI71: 2 : 0 | AJ71: 1
B72: 04.00 | C72: Algeria - Austria | D72: 3 : 3 | E72: 1 : 0 | G72: 1 : 1 | H72: 1 | I72: 1 : 2 | K72: 1 : 2 | M72: 1 : 1 | N72: 1 | O72: 2 : 2 | P72: 1 | Q72: 0 : 1 | S72: 1 : 2 | U72: 1 : 2 | W72: 0 : 1 | Y72: 0 : 1 | AA72: 2 : 1 | AC72: 1 : 1 | AD72: 1 | AE72: 0 : 2 | AG72: 0 : 2 | AI72: 1 : 1 | AJ72: 1
B73: 04.00 | C73: Jordan - Argentina | D73: 1 : 3 | E73: 0 : 2 | F73: 1 | G73: 0 : 2 | H73: 1 | I73: 1 : 5 | J73: 1 | K73: 0 : 1 | L73: 1 | M73: 0 : 2 | N73: 1 | O73: 1 : 4 | P73: 1 | Q73: 0 : 3 | R73: 1 | S73: 0 : 3 | T73: 1 | U73: 0 : 3 | V73: 1 | W73: 0 : 2 | X73: 1 | Y73: 0 : 4 | Z73: 1 | AA73: 0 : 4 | AB73: 1 | AC73: 0 : 3 | AD73: 1 | AE73: 0 : 4 | AF73: 1 | AG73: 0 : 3 | AH73: 1 | AI73: 0 : 4 | AJ73: 1
A74: Sun 28.06 | B74: 21.00 | C74: South Africa - Canada | D74: 0 : 1 | E74: 1 : 2 | F74: 1 | G74: 0 : 2 | H74: 1 | I74: 1 : 2 | J74: 1 | K74: 1 : 3 | L74: 1 | M74: 0 : 2 | N74: 1 | O74: 1 : 3 | P74: 1 | Q74: 1 : 2 | R74: 1 | S74: x 1 : 1 | U74: 1 : 2 | V74: 1 | W74: 1 : 2 | X74: 1 | Y74: 1 : 2 | Z74: 1 | AA74: 1 : 2 | AB74: 1 | AC74: 0 : 2 | AD74: 1 | AE74: 0 : 1 | AF74: 2 | AG74: 2 : 0 | AI74: 1 : 2 | AJ74: 1
A75: Mon 29.06 | B75: 19.00 | C75: Brazil - Japan | D75: 2 : 1 | E75: 1 : 0 | F75: 1 | G75: 2 : 1 | H75: 2 | I75: 3 : 2 | J75: 1 | K75: 2 : 0 | L75: 1 | M75: 2 : 1 | N75: 2 | O75: x 2 : 2 | Q75: 3 : 0 | R75: 1 | S75: 1 : 2 | U75: 2 : 0 | V75: 1 | W75: x 2 : 2 | Y75: x 1 : 1 | AC75: 2 : 1 | AD75: 2 | AE75: 2 : 1 | AF75: 2 | AG75: 2 : 1 | AH75: 2 | AI75: 2 : 1 | AJ75: 2
B76: 22.30 | C76: Germany - Paraguay | D76: 1 : 1 x | E76: 2 : 0 | G76: 2 : 0 | I76: 3 : 1 | K76: 2 : 0 | M76: 2 : 0 | O76: 3 : 1 | Q76: 3 : 0 | S76: 3 : 0 | U76: 2 : 0 | W76: 3 : 1 | Y76: 2 : 0 | AA76: 3 : 0 | AC76: 2 : 0 | AE76: 3 : 1 | AG76: 5 : 0 | AI76: 2 : 0
A77: Tue 30.06 | B77: 03.00 | C77: Netherlands - Morocco | D77: 1 : 1 x | E77: x 1 : 1 | F77: 2 | G77: 2 : 2 x | H77: 2 | I77: 2 : 1 | K77: 2 : 0 | M77: x 2 : 2 | N77: 1 | O77: x 2 : 2 | P77: 1 | Q77: 3 : 0 | S77: x 2 : 2 | T77: 1 | U77: 1 : 1 x | V77: 3 | W77: x 2 : 2 | X77: 1 | Y77: x 1 : 1 | Z77: 2 | AA77: 3 : 1 | AC77: 2 : 1 | AE77: 2 : 1 | AG77: 1 : 1 x | AH77: 3 | AI77: x 2 : 2 | AJ77: 1
B78: 19.00 | C78: Ivory Coast - Norway | D78: 1 : 2 | E78: 1 : 0 | G78: 0 : 3 | H78: 1 | I78: 2 : 1 | K78: 1 : 1 x | M78: 1 : 2 | N78: 2 | O78: 1 : 3 | P78: 1 | Q78: 1 : 1 x | S78: 1 : 3 | T78: 1 | U78: 1 : 2 | V78: 2 | W78: 1 : 3 | X78: 1 | Y78: 0 : 1 | Z78: 1 | AA78: 0 : 2 | AB78: 1 | AC78: 1 : 2 | AD78: 2 | AE78: 0 : 2 | AF78: 1 | AG78: 2 : 3 | AH78: 1 | AI78: 1 : 2 | AJ78: 2
B79: 23.00 | C79: France - Sweden | D79: 3 : 0 | E79: 3 : 1 | F79: 1 | G79: 3 : 1 | H79: 1 | I79: 4 : 1 | J79: 1 | K79: 3 : 0 | L79: 2 | M79: 2 : 0 | N79: 1 | O79: 3 : 2 | P79: 1 | Q79: 2 : 0 | R79: 1 | S79: x 2 : 2 | U79: 3 : 1 | V79: 1 | W79: 2 : 0 | X79: 1 | Y79: 2 : 0 | Z79: 1 | AA79: 2 : 0 | AB79: 1 | AC79: 3 : 1 | AD79: 1 | AE79: x 1 : 1 | AG79: 4 : 1 | AH79: 1 | AI79: 2 : 0 | AJ79: 1
A80: Wed 1.07 | B80: 03.00 | C80: Mexico - Ecuador | D80: 2 : 0 | E80: 1 : 0 | F80: 1 | G80: 1 : 0 | H80: 1 | I80: 4 : 1 | J80: 1 | K80: 0 : 0 x | M80: 2 : 1 | N80: 1 | O80: 2 : 1 | P80: 1 | Q80: x 0 : 0 | S80: 2 : 1 | T80: 1 | U80: x 1 : 1 | W80: 2 : 0 | X80: 2 | Y80: 2 : 1 | Z80: 1 | AA80: 2 : 0 | AB80: 2 | AC80: 2 : 0 | AD80: 2 | AE80: 2 : 1 | AF80: 1 | AG80: 0 : 0 x | AI80: x 1 : 1
B81: 18.00 | C81: England - Congo DR | D81: 2 : 1 | E81: 2 : 0 | F81: 1 | G81: 2 : 1 | H81: 2 | I81: 3 : 1 | J81: 1 | K81: 1 : 0 | L81: 1 | M81: 2 : 0 | N81: 1 | O81: 2 : 0 | P81: 1 | Q81: 2 : 0 | R81: 1 | S81: 2 : 0 | T81: 1 | U81: 2 : 0 | V81: 1 | W81: 2 : 0 | X81: 1 | Y81: 2 : 1 | Z81: 2 | AA81: 3 : 1 | AB81: 1 | AC81: 2 : 0 | AD81: 1 | AE81: 1 : 0 | AF81: 1 | AG81: 2 : 0 | AH81: 1 | AI81: 2 : 1 | AJ81: 2
B82: 22.00 | C82: Belgium - Senegal 3 : 2 | D82: x 2 : 2 | E82: 1 : 0 | G82: 2 : 2 x | H82: 2 | I82: 2 : 1 | K82: x 1 : 1 | L82: 2 | M82: x 1 : 1 | N82: 2 | O82: 2 : 1 | Q82: 2 : 1 | S82: x 1 : 1 | T82: 2 | U82: 1 : 1 x | V82: 1 | W82: 2 : 1 | Y82: 1 : 1 x | Z82: 1 | AA82: x 2 : 2 | AB82: 3 | AC82: 2 : 1 | AE82: 1 : 2 | AG82: 1 : 3 | AI82: 2 : 0
A83: Thu 2.07 | B83: 02.00 | C83: USA - Bosnia | D83: 2 : 0 | E83: 3 : 0 | F83: 1 | G83: 1 : 0 | H83: 1 | I83: 3 : 1 | J83: 1 | K83: x 1 : 1 | M83: 2 : 0 | N83: 2 | O83: 3 : 0 | P83: 1 | Q83: 2 : 1 | R83: 1 | S83: 2 : 1 | T83: 1 | U83: 2 : 1 | V83: 1 | W83: 3 : 0 | X83: 1 | Y83: 2 : 1 | Z83: 1 | AA83: 3 : 1 | AB83: 1 | AC83: 3 : 1 | AD83: 1 | AE83: 3 : 0 | AF83: 1 | AG83: 4 : 1 | AH83: 1 | AI83: 2 : 1 | AJ83: 1
B84: 21.00 | C84: Spain - Austria | D84: 3 : 0 | E84: 1 : 0 | F84: 1 | G84: 2 : 1 | H84: 1 | I84: 3 : 1 | J84: 1 | K84: 1 : 0 | L84: 1 | M84: 2 : 0 | N84: 1 | O84: 3 : 0 | P84: 2 | Q84: 3 : 0 | R84: 2 | S84: 2 : 1 | T84: 1 | U84: 2 : 0 | V84: 1 | W84: 2 : 0 | X84: 1 | Y84: 3 : 0 | Z84: 2 | AA84: 3 : 2 | AB84: 1 | AC84: 2 : 0 | AD84: 1 | AE84: 2 : 0 | AF84: 1 | AG84: 2 : 0 | AH84: 1 | AI84: 2 : 0 | AJ84: 1
A85: Fri 3.07 | B85: 01.00 | C85: Portugal - Croatia | D85: 2 : 1 | E85: 1 : 0 | F85: 1 | G85: 3 : 1 | H85: 1 | I85: 1 : 2 | K85: 1 : 0 | L85: 1 | M85: 1 : 1 x | O85: 3 : 1 | P85: 1 | Q85: 2 : 1 | R85: 2 | S85: 1 : 2 | U85: x 1 : 1 | W85: x 2 : 2 | Y85: x 1 : 1 | AA85: 2 : 1 | AB85: 2 | AC85: x 1 : 1 | AE85: x 0 : 0 | AG85: 1 : 1 x | AI85: 2 : 1 | AJ85: 2
B86: 05.00 | C86: Switzerland - Algeria | D86: 2 : 0 | E86: 2 : 1 | F86: 1 | G86: 2 : 1 | H86: 1 | I86: 3 : 1 | J86: 1 | K86: 2 : 0 | L86: 2 | M86: 2 : 1 | N86: 1 | O86: 2 : 1 | P86: 1 | Q86: 2 : 0 | R86: 2 | S86: 2 : 0 | T86: 2 | U86: 1 : 1 x | W86: 2 : 0 | X86: 2 | Y86: 2 : 1 | Z86: 1 | AA86: 1 : 0 | AB86: 1 | AC86: 2 : 1 | AD86: 1 | AE86: 2 : 1 | AF86: 1 | AG86: 3 : 1 | AH86: 1 | AI86: 2 : 1 | AJ86: 1
B87: 20.00 | C87: Australia - Egypt | D87: 1 : 1 x | E87: 0 : 0 x | F87: 2 | G87: 0 : 2 | I87: 0 : 1 | K87: 1 : 1 x | L87: 3 | M87: 1 : 1 x | N87: 3 | O87: 1 : 2 | Q87: 0 : 1 | S87: 2 : 2 x | T87: 2 | U87: 1 : 0 | W87: 1 : 1 x | X87: 3 | Y87: 1 : 2 | AA87: 0 : 0 x | AB87: 2 | AC87: 1 : 1 x | AD87: 3 | AE87: 1 : 2 | AG87: 0 : 0 x | AH87: 2 | AI87: 0 : 2
A88: Sat 4.07 | B88: 00.00 | C88: Argentina - Cape Verde 3 : 2 | D88: x 1 : 1 | E88: 2 : 0 | G88: 4 : 1 | I88: 4 : 1 | K88: 2 : 0 | M88: 2 : 0 | O88: 3 : 1 | Q88: 4 : 0 | S88: 2 : 0 | U88: 3 : 0 | W88: 2 : 0 | Y88: 3 : 1 | AA88: 3 : 0 | AC88: 3 : 0 | AE88: 3 : 0 | AG88: 4 : 0 | AI88: 2 : 0
B89: 03.30 | C89: Colombia - Ghana | D89: 1 : 0 | E89: 1 : 0 | F89: 2 | G89: 2 : 1 | H89: 1 | I89: 2 : 1 | J89: 1 | K89: 2 : 0 | L89: 1 | M89: 2 : 1 | N89: 1 | O89: 2 : 1 | P89: 1 | Q89: 1 : 2 | S89: 1 : 0 | T89: 2 | U89: 2 : 1 | V89: 1 | W89: 2 : 0 | X89: 1 | Y89: 2 : 0 | Z89: 1 | AA89: 2 : 2 x | AC89: 1 : 0 | AD89: 2 | AE89: 2 : 1 | AF89: 1 | AG89: x 2 : 2 | AI89: 1 : 0 | AJ89: 2
A90: Sat 4.07 | B90: 19.00 | C90: Canada - Morocco | D90: 0 : 3 | E90: 0 : 1 | F90: 1 | G90: 0 : 2 | H90: 1 | I90: 1 : 2 | J90: 1 | K90: 1 : 1 x | M90: 1 : 2 | N90: 1 | O90: 1 : 2 | P90: 1 | Q90: 0 : 1 | R90: 1 | S90: 0 : 2 | T90: 1 | U90: 1 : 1 x | W90: 0 : 2 | X90: 1 | Y90: 0 : 2 | Z90: 1 | AA90: 1 : 2 | AB90: 1 | AC90: 1 : 2 | AD90: 1 | AE90: 0 : 2 | AF90: 1 | AG90: 0 : 1 | AH90: 1 | AI90: 1 : 2 | AJ90: 1
B91: 23.00 | C91: Paraguay - France | D91: 0 : 1 | E91: 1 : 2 | F91: 1 | G91: 1 : 3 | H91: 1 | I91: 1 : 4 | J91: 1 | K91: 0 : 2 | L91: 1 | M91: 0 : 2 | N91: 1 | O91: 0 : 3 | P91: 1 | Q91: 1 : 3 | R91: 1 | S91: 0 : 3 | T91: 1 | U91: 0 : 2 | V91: 1 | W91: 1 : 2 | X91: 1 | Y91: 1 : 2 | Z91: 1 | AA91: 0 : 2 | AB91: 1 | AC91: 0 : 3 | AD91: 1 | AE91: 0 : 2 | AF91: 1 | AG91: 0 : 2 | AH91: 1 | AI91: 0 : 2 | AJ91: 1
A92: Sun 5.07 | B92: 22.00 | C92: Brazil - Norway | D92: 1 : 2 | E92: 2 : 1 | G92: 1 : 2 | H92: 2 | I92: 1 : 0 | K92: x 1: 1 | M92: 2 : 2 x | O92: 3 : 2 | Q92: 2 : 0 | S92: 1 : 2 | T92: 2 | U92: 2 : 1 | W92: 2 : 1 | Y92: x 2 : 2 | AA92: 2 : 1 | AC92: 2 : 1 | AE92: 2 : 1 | AG92: 1 : 2 | AH92: 2 | AI92: 2 : 1
A93: Mon 6.07 | B93: 02.00 | C93: Mexico - England | D93: 2 : 3 | E93: 0 : 0 x | G93: x 1 : 1 | I93: 1 : 2 | J93: 1 | K93: 1 : 1 x | M93: x 1 : 1 | O93: x 1 : 1 | Q93: 1 : 2 | R93: 1 | S93: 0 : 2 | T93: 1 | U93: 1 : 2 | V93: 1 | W93: x 1 : 1 | Y93: 2 : 1 | AA93: 0 : 2 | AB93: 1 | AC93: 1 : 1 x | AE93: 2 : 1 | AG93: 1 : 1 x | AI93: 1 : 1 x
B94: 21.00 | C94: Portugal - Spain | D94: 0 : 1 | E94: 0 : 1 | F94: 2 | G94: 0 : 2 | H94: 1 | I94: 1 : 0 | K94: x 1 : 1 | M94: 1 : 2 | N94: 1 | O94: 2 : 3 | P94: 1 | Q94: 1 : 2 | R94: 1 | S94: 1 : 1 x | U94: 1 : 1 x | W94: 1 : 3 | X94: 1 | Y94: 1 : 2 | Z94: 1 | AA94: 2 : 2 x | AC94: 0 : 2 | AD94: 1 | AE94: 0 : 2 | AF94: 1 | AG94: 1 : 2 | AH94: 1 | AI94: 2 : 3 | AJ94: 1
A95: Tue 7.07 | B95: 02.00 | C95: USA - Belgium | D95: 1 : 4 | E95: 1 : 1 x | G95: 0 : 1 | H95: 1 | I95: 2 : 1 | K95: 1 : 1 x | M95: 1 : 2 | N95: 1 | O95: 1 : 2 | P95: 1 | Q95: 2 : 1 | S95: 2 : 1 | U95: 2 : 1 | W95: 1 : 2 | X95: 1 | Y95: 1 : 2 | Z95: 1 | AA95: 2 : 1 | AC95: 2 : 2 x | AE95: x 2 : 2 | AG95: 3 : 1 | AI95: 2 : 1
B96: 18.00 | C96: Argentina - Egypt | D96: 3 : 2 | E96: 1 : 0 | F96: 1 | G96: 3 : 1 | H96: 1 | I96: 2 : 1 | J96: 1 | K96: x 1 : 1 | M96: 2 : 0 | N96: 1 | O96: 3 : 1 | P96: 1 | Q96: 4 : 0 | R96: 1 | S96: 1 : 0 | T96: 1 | U96: 2 : 0 | V96: 1 | W96: 3 : 1 | X96: 1 | Y96: 1 : 2 | AA96: 3 : 0 | AB96: 1 | AC96: 2 : 0 | AD96: 1 | AE96: 3 : 1 | AF96: 1 | AG96: 2 : 1 | AH96: 1 | AI96: 2 : 1 | AJ96: 1
B97: 22.00 | C97: Switzerland - Colombia | D97: x 0 : 0 | E97: 1 : 1 x | F97: 1 | G97: 2 : 1 | I97: 2 : 1 | K97: 1 : 1 x | L97: 1 | M97: 1 : 1 x | N97: 1 | O97: 2 : 1 | Q97: 0 : 1 | S97: 1 : 2 | U97: 1 : 2 | W97: 2 : 2 x | X97: 1 | Y97: 1 : 1 x | Z97: 1 | AA97: 1 : 1 x | AB97: 1 | AC97: 0 : 1 | AE97: 1 : 2 | AG97: x 1 : 1 | AH97: 2 | AI97: x 1 : 1 | AJ97: 2
A98: Thu 9.07 | B98: 22.00 | C98: France - Morocco | D98: 2 : 0 | E98: 2 : 0 | F98: 2 | G98: 1 : 0 | H98: 1 | I98: 2 : 1 | J98: 1 | K98: 1 : 1 x | M98: 2 : 1 | N98: 1 | O98: 3 : 1 | P98: 1 | Q98: 3 : 1 | R98: 1 | S98: 2 : 1 | T98: 1 | U98: 2 : 1 | V98: 1 | W98: x 1 : 1 | Y98: 1 : 1 x | AA98: 2 : 1 | AB98: 1 | AC98: 2 : 1 | AD98: 1 | AE98: 2 : 1 | AF98: 1 | AG98: 3 : 0 | AH98: 1 | AI98: 2 : 1 | AJ98: 1
A99: Fri 10.07 | B99: 21.00 | C99: Spain - Belgium | D99: 2 : 1 | E99: 1 : 0 | F99: 1 | G99: x 0 : 0 | I99: 1 : 2 | K99: 1 : 1 x | M99: 1 : 1 x | O99: 3 : 2 | P99: 1 | Q99: 2 : 0 | R99: 1 | S99: 1 : 2 | U99: 2 : 1 | V99: 2 | W99: 2 : 0 | X99: 1 | Y99: 2 : 1 | Z99: 2 | AA99: 2 : 1 | AB99: 2 | AC99: 2 : 0 | AD99: 1 | AE99: 2 : 1 | AF99: 2 | AG99: 2 : 0 | AH99: 1 | AI99: 2 : 1 | AJ99: 2
A100: Sat 11.07 | B100: 23.00 | C100: Norway - England 1 : 2 | D100: 1 : 1 x | E100: 1 : 2 | G100: 1 : 0 | I100: 1 : 2 | K100: 1 : 1 x | L100: 3 | M100: x 2 : 2 | N100: 1 | O100: 2 : 2 x | P100: 2 | Q100: 1 : 2 | S100: 2 : 0 | U100: 1 : 2 | W100: 1 : 2 | Y100: 2 : 1 | AA100: 1 : 2 | AC100: 1 : 1 x | AD100: 3 | AE100: 1 : 2 | AG100: x 2 : 2 | AH100: 1 | AI100: 1 : 2
...

Sheet Score table
A1: ETV | B1: ETV2
A2: 0.92361111 | F2: Score table (Klasyfikacja graczy) | H2: World champion | I2: Accurate hits | J2: Prize
A3: 0.78125 | E3: 1 | F3: Aimar | G3: ='Matches-results-bets-points'!F107 -> 84 | I3: ='Matches-results-bets-points'!E108 -> 18 | J3: 94 euro
E4: 2 | F4: Janusz | G4: ='Matches-results-bets-points'!N107 -> 82 | I4: ='Matches-results-bets-points'!M108 -> 12 | J4: 300 PLN
E5: 3 | F5: Piotrek | G5: ='Matches-results-bets-points'!AD107 -> 74 | I5: ='Matches-results-bets-points'!AC108 -> 10 | J5: 200 PLN
A6: 0.034722222 | B6: 0.51736111 | E6: 4 | F6: Sebastian | G6: ='Matches-results-bets-points'!AH107 -> 74 | I6: ='Matches-results-bets-points'!AG108 -> 9 | J6: 150 PLN
E7: 5 | F7: Joanna & Adam | G7: ='Matches-results-bets-points'!R107 -> 73 | H7: Spain | I7: ='Matches-results-bets-points'!Q108 -> 11 | J7: 125 PLN
E8: 6 | F8: Herbert | G8: ='Matches-results-bets-points'!L107 -> 73 | I8: ='Matches-results-bets-points'!K108 -> 12 | J8: 23 euro
A9: 0.78125 | E9: 7 | F9: Mihkel | G9: ='Matches-results-bets-points'!V107 -> 73 | I9: ='Matches-results-bets-points'!U108 -> 11
A10: 0.90277778 | E10: 8 | F10: Paweł | G10: ='Matches-results-bets-points'!AB107 -> 72 | I10: ='Matches-results-bets-points'!AA108 -> 13
A11: 0.15972222 | B11: 0.59375 | E11: 9 | F11: Avo | G11: ='Matches-results-bets-points'!H107 -> 72 | I11: ='Matches-results-bets-points'!G108 -> 10
A12: 0.034722222 | B12: 0.52083333 | E12: 10 | F12: Timo | G12: ='Matches-results-bets-points'!AJ107 -> 71 | I12: ='Matches-results-bets-points'!AI108 -> 10
A13: 0.78125 | E13: 11 | F13: Ola & Kaur | G13: ='Matches-results-bets-points'!X107 -> 70 | I13: ='Matches-results-bets-points'!W108 -> 8
E14: 12 | F14: Olle & Kätlin | G14: ='Matches-results-bets-points'!Z107 -> 70 | I14: ='Matches-results-bets-points'!Y108 -> 7
E15: 13 | F15: Magda & Krzysiek | G15: ='Matches-results-bets-points'!T107 -> 69 | I15: ='Matches-results-bets-points'!S108 -> 8
A16: 0.034722222 | B16: 0.51041667 | E16: 14 | F16: Jaś | G16: ='Matches-results-bets-points'!P107 -> 66 | I16: ='Matches-results-bets-points'!O108 -> 4
E17: 15 | F17: Przemek | G17: ='Matches-results-bets-points'!AF107 -> 64 | I17: ='Matches-results-bets-points'!AE108 -> 7
A18: 0.034722222 | B18: 0.50694444 | E18: 16 | F18: Hania | G18: ='Matches-results-bets-points'!J107 -> 54 | I18: ='Matches-results-bets-points'!I108 -> 2
A19: 0.90277778
A23: 0.034722222 | B23: 0.55208333
A24: 0.78125
A25: 0.78125
A26: 0.90277778
A27: 0.034722222 | B27: 0.52083333
A29: 0.78125
A30: 0.90277778
A31: 0.034722222 | B31: 0.57638889
A33: 0.78125
A34: 0.90625

Sheet Schedule of cup phase
A1: Schedule of cup phase (Drabinka fazy pucharowej)
A2: Date | B2: Match
A3: 1/16-finals
A4: 28.06 | B4: match 73 : 2A - 2B
A5: 29.06 | B5: match 74 : 1C - 2F
B6: match 75 : 1E - 3ABCDF
A7: 30.06 | B7: match 76 :1F - 2C
B8: match 77 : 2E - 2I
B9: match 78 : 1I - 3CDFGH
A10: 1.07 | B10: match 79 : 1A - 3CEFHI
B11: match 80 : 1L - 3EHIJK
B12: match 81 : 1G - 3AEHIJ
A13: 2.07 | B13: match 82 : 1D - 3BEFIJ
B14: match 83 : 1H - 2J
A15: 3.07 | B15: match 84 : 2K - 2L
B16: match 85 : 1B - 3EFGIJ
B17: match 86 : 2D - 2G
A18: 4.07 | B18: match 87 : 1J - 2H
B19: match 88 : 1K - 3DEIJL
A20: 1/8-finals
A21: 4.07 | B21: match 89 : winner of 73 - winner of 76
B22: match 90 : winner of 75 - winner of 78
A23: 5.07 | B23: match 91 : winner of 74 - winner of 77
A24: 6.07 | B24: match 92 : winner of 79 - winner of 80
B25: match 93 : winner of 84 - winner of 83
A26: 7.07 | B26: match 94 : winner of 82 - winner of 81
B27: match 95 : winner of 87 - winner of 86
B28: match 96 : winner of 85 - winner of 88
A29: 1/4-finals
A30: 9.07 | B30: match 97 : winner of 90 - winner of 89
A31: 10.07 | B31: match 98 : winner of 93 - winner of 94
A32: 11.07 | B32: match 99 : winner of 91 - winner of 92
A33: 12.07 | B33: match 100 : winner of 95 - winner of 96
A34: 1/2-finals
A35: 14.07 | B35: match 101 : winner of 97 - winner of 98
A36: 15.07 | B36: match 102 : winner of 99 - winner of 100
A37: for third place
A38: 18.07 | B38: defeated in 101 - defeated in 102
A39: final
A40: 19.07 | B40: winner of 101 - winner of 102
